6pm-video-signin-1-clicked_frames_crop/bbox-0584.jpg,typing
6pm-video-signin-1-clicked_frames_crop/bbox-0605.jpg,typing
6pm-video-signin-1-clicked_frames_crop/bbox-0640.jpg,typing
6pm-video-signin-1-clicked_frames_crop/bbox-0693.jpg,typing
6pm-video-signin-1-clicked_frames_crop/bbox-0727.jpg,typing
6pm-video-signin-1-clicked_frames_crop/bbox-0756.jpg,typing
6pm-video-signin-1-clicked_frames_crop/bbox-0776.jpg,typing
6pm-video-signin-1-clicked_frames_crop/bbox-0826.jpg,typing
6pm-video-signin-1-clicked_frames_crop/bbox-0922.jpg,typing
6pm-video-signin-1-clicked_frames_crop/bbox-0947.jpg,typing
6pm-video-signin-1-clicked_frames_crop/bbox-0990.jpg,typing
6pm-video-signin-1-clicked_frames_crop/bbox-1014.jpg,typing
6pm-video-signin-1-clicked_frames_crop/bbox-1032.jpg,typing
6pm-video-signin-1-clicked_frames_crop/bbox-1109.jpg,typing
6pm-video-signin-1-clicked_frames_crop/bbox-1150.jpg,typing
6pm-video-signin-1-clicked_frames_crop/bbox-1182.jpg,typing
6pm-video-signin-1-clicked_frames_crop/bbox-1214.jpg,typing
6pm-video-signin-1-clicked_frames_crop/bbox-1244.jpg,typing
6pm-video-signin-1-clicked_frames_crop/bbox-1288.jpg,typing
6pm-video-signin-1-clicked_frames_crop/bbox-1383.jpg,typing
6pm-video-signin-1-clicked_frames_crop/bbox-1430.jpg,typing
6pm-video-signin-1-clicked_frames_crop/bbox-1460.jpg,typing
6pm-video-signin-1-clicked_frames_crop/bbox-1480.jpg,typing
6pm-video-signin-1-clicked_frames_crop/bbox-1505.jpg,typing
6pm-video-signin-1-clicked_frames_crop/bbox-1531.jpg,typing
6pm-video-signin-1-clicked_frames_crop/bbox-1553.jpg,typing
6pm-video-signin-1-clicked_frames_crop/bbox-1574.jpg,typing
6pm-video-signin-1-clicked_frames_crop/bbox-1600.jpg,typing
6pm-video-signin-1-clicked_frames_crop/bbox-1630.jpg,typing
6pm-video-signin-1-clicked_frames_crop/bbox-1651.jpg,typing
6pm-video-signin-1-clicked_frames_crop/bbox-1698.jpg,typing
6pm-video-signin-1-clicked_frames_crop/bbox-1761.jpg,typing
6pm-video-signin-1-clicked_frames_crop/bbox-1783.jpg,typing
6pm-video-signin-1-clicked_frames_crop/bbox-1799.jpg,typing
6pm-video-signin-1-clicked_frames_crop/bbox-1840.jpg,typing
6pm-video-signin-1-clicked_frames_crop/bbox-1863.jpg,typing
6pm-video-signin-1-clicked_frames_crop/bbox-1888.jpg,typing
6pm-video-signin-1-clicked_frames_crop/bbox-1907.jpg,typing
6pm-video-signin-1-clicked_frames_crop/bbox-1928.jpg,typing
6pm-video-signin-1-clicked_frames_crop/bbox-1944.jpg,typing
6pm-video-signin-1-clicked_frames_crop/bbox-1977.jpg,typing
6pm-video-signin-1-clicked_frames_crop/bbox-2057.jpg,typing
6pm-video-signin-1-clicked_frames_crop/bbox-2081.jpg,typing
6pm-video-signin-1-clicked_frames_crop/bbox-2108.jpg,typing
6pm-video-signin-1-clicked_frames_crop/bbox-2159.jpg,typing
6pm-video-signin-1-clicked_frames_crop/bbox-2282.jpg,typing
6pm-video-signin-2-clicked_frames_crop/bbox-0742.jpg,typing
6pm-video-signin-2-clicked_frames_crop/bbox-0773.jpg,typing
6pm-video-signin-2-clicked_frames_crop/bbox-0801.jpg,typing
6pm-video-signin-2-clicked_frames_crop/bbox-0830.jpg,typing
6pm-video-signin-2-clicked_frames_crop/bbox-0867.jpg,typing
6pm-video-signin-2-clicked_frames_crop/bbox-0892.jpg,typing
6pm-video-signin-2-clicked_frames_crop/bbox-0917.jpg,typing
6pm-video-signin-2-clicked_frames_crop/bbox-0939.jpg,typing
6pm-video-signin-2-clicked_frames_crop/bbox-0999.jpg,typing
6pm-video-signin-2-clicked_frames_crop/bbox-1051.jpg,typing
6pm-video-signin-2-clicked_frames_crop/bbox-1080.jpg,typing
6pm-video-signin-2-clicked_frames_crop/bbox-1108.jpg,typing
6pm-video-signin-2-clicked_frames_crop/bbox-1131.jpg,typing
6pm-video-signin-2-clicked_frames_crop/bbox-1160.jpg,typing
6pm-video-signin-2-clicked_frames_crop/bbox-1201.jpg,typing
6pm-video-signin-2-clicked_frames_crop/bbox-1225.jpg,typing
6pm-video-signin-2-clicked_frames_crop/bbox-1256.jpg,typing
6pm-video-signin-2-clicked_frames_crop/bbox-1280.jpg,typing
6pm-video-signin-2-clicked_frames_crop/bbox-1310.jpg,typing
6pm-video-signin-2-clicked_frames_crop/bbox-1343.jpg,typing
6pm-video-signin-2-clicked_frames_crop/bbox-1394.jpg,typing
6pm-video-signin-2-clicked_frames_crop/bbox-1422.jpg,typing
6pm-video-signin-2-clicked_frames_crop/bbox-1445.jpg,typing
6pm-video-signin-2-clicked_frames_crop/bbox-1469.jpg,typing
6pm-video-signin-2-clicked_frames_crop/bbox-1496.jpg,typing
6pm-video-signin-2-clicked_frames_crop/bbox-1515.jpg,typing
6pm-video-signin-2-clicked_frames_crop/bbox-1537.jpg,typing
6pm-video-signin-2-clicked_frames_crop/bbox-1558.jpg,typing
6pm-video-signin-2-clicked_frames_crop/bbox-1613.jpg,typing
6pm-video-signin-2-clicked_frames_crop/bbox-1639.jpg,typing
6pm-video-signin-2-clicked_frames_crop/bbox-1664.jpg,typing
6pm-video-signin-2-clicked_frames_crop/bbox-1713.jpg,typing
6pm-video-signin-2-clicked_frames_crop/bbox-1737.jpg,typing
6pm-video-signin-2-clicked_frames_crop/bbox-1761.jpg,typing
6pm-video-signin-2-clicked_frames_crop/bbox-1831.jpg,typing
6pm-video-signin-2-clicked_frames_crop/bbox-1920.jpg,typing
6pm-video-signin-2-clicked_frames_crop/bbox-2248.jpg,typing
6pm-video-signin-2-clicked_frames_crop/bbox-2275.jpg,typing
6pm-video-signin-2-clicked_frames_crop/bbox-2291.jpg,typing
6pm-video-signin-2-clicked_frames_crop/bbox-2324.jpg,typing
6pm-video-signin-2-clicked_frames_crop/bbox-2347.jpg,typing
6pm-video-signin-2-clicked_frames_crop/bbox-2391.jpg,typing
6pm-video-signin-2-clicked_frames_crop/bbox-2411.jpg,typing
6pm-video-signin-2-clicked_frames_crop/bbox-2428.jpg,typing
6pm-video-signin-2-clicked_frames_crop/bbox-2448.jpg,typing
6pm-video-signin-2-clicked_frames_crop/bbox-2481.jpg,typing
6pm-video-signin-2-clicked_frames_crop/bbox-2506.jpg,typing
6pm-video-signin-2-clicked_frames_crop/bbox-2528.jpg,typing
6pm-video-signin-2-clicked_frames_crop/bbox-2583.jpg,typing
6pm-video-signin-2-clicked_frames_crop/bbox-2749.jpg,typing
6pm-video-signin-2-clicked_frames_crop/bbox-2798.jpg,typing
6pm-video-signin-3-clicked_frames_crop/bbox-1490.jpg,typing
6pm-video-signin-3-clicked_frames_crop/bbox-1513.jpg,typing
6pm-video-signin-3-clicked_frames_crop/bbox-1532.jpg,typing
6pm-video-signin-3-clicked_frames_crop/bbox-1562.jpg,typing
6pm-video-signin-3-clicked_frames_crop/bbox-1615.jpg,typing
6pm-video-signin-3-clicked_frames_crop/bbox-1646.jpg,typing
6pm-video-signin-3-clicked_frames_crop/bbox-1672.jpg,typing
6pm-video-signin-3-clicked_frames_crop/bbox-1688.jpg,typing
6pm-video-signin-3-clicked_frames_crop/bbox-1718.jpg,typing
6pm-video-signin-3-clicked_frames_crop/bbox-1751.jpg,typing
6pm-video-signin-3-clicked_frames_crop/bbox-1787.jpg,typing
6pm-video-signin-3-clicked_frames_crop/bbox-1813.jpg,typing
6pm-video-signin-3-clicked_frames_crop/bbox-1834.jpg,typing
6pm-video-signin-3-clicked_frames_crop/bbox-1849.jpg,typing
6pm-video-signin-3-clicked_frames_crop/bbox-1874.jpg,typing
6pm-video-signin-3-clicked_frames_crop/bbox-1928.jpg,typing
6pm-video-signin-3-clicked_frames_crop/bbox-1959.jpg,typing
6pm-video-signin-3-clicked_frames_crop/bbox-1981.jpg,typing
6pm-video-signin-3-clicked_frames_crop/bbox-2010.jpg,typing
6pm-video-signin-3-clicked_frames_crop/bbox-2040.jpg,typing
6pm-video-signin-3-clicked_frames_crop/bbox-2099.jpg,typing
6pm-video-signin-3-clicked_frames_crop/bbox-2130.jpg,typing
6pm-video-signin-3-clicked_frames_crop/bbox-2158.jpg,typing
6pm-video-signin-3-clicked_frames_crop/bbox-2185.jpg,typing
6pm-video-signin-3-clicked_frames_crop/bbox-2212.jpg,typing
6pm-video-signin-3-clicked_frames_crop/bbox-2244.jpg,typing
6pm-video-signin-3-clicked_frames_crop/bbox-2273.jpg,typing
6pm-video-signin-3-clicked_frames_crop/bbox-2298.jpg,typing
6pm-video-signin-3-clicked_frames_crop/bbox-2318.jpg,typing
6pm-video-signin-3-clicked_frames_crop/bbox-2345.jpg,typing
6pm-video-signin-3-clicked_frames_crop/bbox-2370.jpg,typing
6pm-video-signin-3-clicked_frames_crop/bbox-2399.jpg,typing
6pm-video-signin-3-clicked_frames_crop/bbox-2443.jpg,typing
6pm-video-signin-3-clicked_frames_crop/bbox-2475.jpg,typing
6pm-video-signin-3-clicked_frames_crop/bbox-2499.jpg,typing
6pm-video-signin-3-clicked_frames_crop/bbox-2531.jpg,typing
6pm-video-signin-3-clicked_frames_crop/bbox-2556.jpg,typing
6pm-video-signin-3-clicked_frames_crop/bbox-2585.jpg,typing
6pm-video-signin-3-clicked_frames_crop/bbox-2608.jpg,typing
6pm-video-signin-3-clicked_frames_crop/bbox-2630.jpg,typing
6pm-video-signin-3-clicked_frames_crop/bbox-2649.jpg,typing
6pm-video-signin-3-clicked_frames_crop/bbox-2680.jpg,typing
6pm-video-signin-3-clicked_frames_crop/bbox-2708.jpg,typing
6pm-video-signin-3-clicked_frames_crop/bbox-2728.jpg,typing
6pm-video-signin-3-clicked_frames_crop/bbox-2769.jpg,typing
6pm-video-signin-3-clicked_frames_crop/bbox-2890.jpg,typing
etsy-signin-1-clicked_frames_crop/bbox-0439.jpg,typing
etsy-signin-1-clicked_frames_crop/bbox-0453.jpg,typing
etsy-signin-1-clicked_frames_crop/bbox-0471.jpg,typing
etsy-signin-1-clicked_frames_crop/bbox-0479.jpg,typing
etsy-signin-1-clicked_frames_crop/bbox-0487.jpg,typing
etsy-signin-1-clicked_frames_crop/bbox-0498.jpg,typing
etsy-signin-1-clicked_frames_crop/bbox-0510.jpg,typing
etsy-signin-1-clicked_frames_crop/bbox-0546.jpg,typing
etsy-signin-1-clicked_frames_crop/bbox-0560.jpg,typing
etsy-signin-1-clicked_frames_crop/bbox-0572.jpg,typing
etsy-signin-1-clicked_frames_crop/bbox-0587.jpg,typing
etsy-signin-1-clicked_frames_crop/bbox-0615.jpg,typing
etsy-signin-1-clicked_frames_crop/bbox-0637.jpg,typing
etsy-signin-1-clicked_frames_crop/bbox-0671.jpg,typing
etsy-signin-1-clicked_frames_crop/bbox-0682.jpg,typing
etsy-signin-1-clicked_frames_crop/bbox-0703.jpg,typing
etsy-signin-1-clicked_frames_crop/bbox-0715.jpg,typing
etsy-signin-1-clicked_frames_crop/bbox-0736.jpg,typing
etsy-signin-1-clicked_frames_crop/bbox-0764.jpg,typing
etsy-signin-1-clicked_frames_crop/bbox-0774.jpg,typing
etsy-signin-1-clicked_frames_crop/bbox-0785.jpg,typing
etsy-signin-1-clicked_frames_crop/bbox-0804.jpg,typing
etsy-signin-1-clicked_frames_crop/bbox-0818.jpg,typing
etsy-signin-1-clicked_frames_crop/bbox-0831.jpg,typing
etsy-signin-1-clicked_frames_crop/bbox-0845.jpg,typing
etsy-signin-1-clicked_frames_crop/bbox-0856.jpg,typing
etsy-signin-1-clicked_frames_crop/bbox-0868.jpg,typing
etsy-signin-1-clicked_frames_crop/bbox-0881.jpg,typing
etsy-signin-1-clicked_frames_crop/bbox-0894.jpg,typing
etsy-signin-1-clicked_frames_crop/bbox-0908.jpg,typing
etsy-signin-1-clicked_frames_crop/bbox-0928.jpg,typing
etsy-signin-1-clicked_frames_crop/bbox-0956.jpg,typing
etsy-signin-1-clicked_frames_crop/bbox-0974.jpg,typing
etsy-signin-1-clicked_frames_crop/bbox-0986.jpg,typing
etsy-signin-1-clicked_frames_crop/bbox-0997.jpg,typing
etsy-signin-1-clicked_frames_crop/bbox-1010.jpg,typing
etsy-signin-1-clicked_frames_crop/bbox-1022.jpg,typing
etsy-signin-1-clicked_frames_crop/bbox-1034.jpg,typing
etsy-signin-1-clicked_frames_crop/bbox-1046.jpg,typing
etsy-signin-1-clicked_frames_crop/bbox-1070.jpg,typing
etsy-signin-1-clicked_frames_crop/bbox-1080.jpg,typing
etsy-signin-1-clicked_frames_crop/bbox-1094.jpg,typing
etsy-signin-1-clicked_frames_crop/bbox-1110.jpg,typing
etsy-signin-1-clicked_frames_crop/bbox-1127.jpg,typing
